battery_capacity,charge_finish_time,charge_start_time,charger_id,charging_time_min,current_energy,distance_km,edge_id,event,queue_length,queue_length_at_selection,required_energy,soc,soc_at_arrival,soc_now,station_edge,station_id,station_lat,station_lon,station_x,station_y,status,target_soc,time,total_time_min,travel_time_min,vehicle_id,vehicle_lat,vehicle_lon,vehicle_x,vehicle_y,waiting_time_min
35.0,11.78,3.41,CS_3_CH_1,8.37,10.34,2.352,,station_selected,1,1,18.84,,26.17,29.54,174851559#1,CS_3,40.98628,28.72249,2009.01,944.95,going_to_charge,80.0,0.75,11.03,2.66,22,40.986268,28.71449,1336.06,930.33,0.0
35.0,13.66,1.68,CS_2_CH_1,11.98,10.22,0.381,,station_selected,1,1,17.97,,28.66,29.2,-97226043#0,CS_2,40.982144,28.720675,1865.38,482.81,going_to_charge,80.0,1.28,12.38,0.4,38,40.98303,28.721674,1947.52,582.8,0.0
,,,,,,,-97226043#0,arrived_at_station,,,,28.76,,,,CS_2,,,,,,,1.78,,,38,,,,,
35.0,20.09,11.78,CS_3_CH_1,8.32,10.5,2.416,,station_selected,2,2,18.71,,26.54,30.0,174851559#1,CS_3,40.98628,28.72249,2009.01,944.95,going_to_charge,80.0,2.38,17.71,2.66,43,40.983877,28.712756,1195.43,662.03,6.74
35.0,26.14,13.66,CS_2_CH_1,12.48,10.45,2.351,,station_selected,2,2,18.72,,26.51,29.87,-97226043#0,CS_2,40.982144,28.720675,1865.38,482.81,going_to_charge,80.0,2.62,23.53,2.0,78,40.987594,28.698703,5.14,1051.61,9.04
35.0,28.72,20.09,CS_3_CH_1,8.62,10.07,2.948,,station_selected,3,3,19.4,,24.57,28.78,174851559#1,CS_3,40.98628,28.72249,2009.01,944.95,going_to_charge,80.0,3.65,25.07,3.72,109,40.981669,28.712916,1213.7,417.22,12.73
35.0,28.15,4.32,CS_1_CH_1,23.84,10.4,0.566,,station_selected,1,1,17.88,,28.92,29.72,97388510#1,CS_1,40.984043,28.711271,1070.14,678.06,going_to_charge,80.0,3.75,24.4,0.57,112,40.987001,28.713851,1280.69,1010.67,0.0
35.0,37.06,28.72,CS_3_CH_1,8.34,10.44,2.403,,station_selected,4,4,18.77,,26.39,29.82,174851559#1,CS_3,40.98628,28.72249,2009.01,944.95,going_to_charge,80.0,4.32,32.74,2.77,129,40.986772,28.714395,1326.96,986.22,21.63
35.0,38.0,26.14,CS_2_CH_1,11.86,10.49,0.555,,station_selected,3,3,17.78,,29.19,29.98,-97226043#0,CS_2,40.982144,28.720675,1865.38,482.81,going_to_charge,80.0,4.52,33.48,0.6,126,40.983595,28.722521,2017.49,646.91,21.02
35.0,45.37,37.06,CS_3_CH_1,8.31,10.5,2.393,,station_selected,5,5,18.7,,26.58,30.0,174851559#1,CS_3,40.98628,28.72249,2009.01,944.95,going_to_charge,80.0,4.78,40.58,2.83,133,40.986279,28.71482,1363.77,932.18,29.44
,,,,,,,-97226043#0,arrived_at_station,,,,26.98,,,,CS_2,,,,,,,5.05,,,78,,,,,
,,,,,,,-97226043#0,arrived_at_station,,,,29.43,,,,CS_2,,,,,,,5.27,,,126,,,,,
35.0,50.25,38.0,CS_2_CH_1,12.25,10.02,0.788,,station_selected,4,4,18.37,,27.5,28.63,-97226043#0,CS_2,40.982144,28.720675,1865.38,482.81,going_to_charge,80.0,5.45,44.8,1.26,163,40.985954,28.717415,1582.87,900.34,31.29
35.0,52.21,28.15,CS_1_CH_1,24.06,10.5,1.086,,station_selected,2,2,18.04,,28.45,30.0,97388510#1,CS_1,40.984043,28.711271,1070.14,678.06,going_to_charge,80.0,5.92,46.3,1.41,162,40.983748,28.716216,1486.76,653.45,20.83
35.0,53.72,45.37,CS_3_CH_1,8.36,10.37,2.343,,station_selected,6,6,18.8,,26.28,29.63,174851559#1,CS_3,40.98628,28.72249,2009.01,944.95,going_to_charge,80.0,6.35,47.37,2.54,190,40.98102,28.714057,1311.08,347.07,36.48
35.0,61.92,53.72,CS_3_CH_1,8.2,10.44,1.766,,station_selected,7,7,18.44,,27.31,29.83,174851559#1,CS_3,40.98628,28.72249,2009.01,944.95,going_to_charge,80.0,6.85,55.07,2.2,205,40.980201,28.720185,1828.44,266.28,44.67
,,,,,,,-97226043#0,arrived_at_station,,,,27.77,,,,CS_2,,,,,,,7.08,,,163,,,,,
35.0,62.52,50.25,CS_2_CH_1,12.28,10.2,1.223,,station_selected,5,5,18.41,,27.39,29.13,-97226043#0,CS_2,40.982144,28.720675,1865.38,482.81,going_to_charge,80.0,7.28,55.24,2.06,218,40.983538,28.709619,932.26,619.27,40.9
35.0,70.18,61.92,CS_3_CH_1,8.26,10.5,2.162,,station_selected,8,8,18.58,,26.91,29.99,174851559#1,CS_3,40.98628,28.72249,2009.01,944.95,going_to_charge,80.0,7.35,62.83,2.44,209,40.985192,28.72018,1817.13,820.33,52.13
35.0,74.46,62.52,CS_2_CH_1,11.93,10.43,0.651,,station_selected,6,6,17.9,,28.87,29.79,-97226043#0,CS_2,40.982144,28.720675,1865.38,482.81,going_to_charge,80.0,7.45,67.01,0.66,223,40.982521,28.713999,1302.93,513.6,54.42
35.0,75.8,52.21,CS_1_CH_1,23.58,10.5,0.373,,station_selected,3,3,17.69,,29.47,30.0,97388510#1,CS_1,40.984043,28.711271,1070.14,678.06,going_to_charge,80.0,7.48,68.31,0.56,207,40.985063,28.710028,963.3,789.27,44.17
35.0,78.62,70.18,CS_3_CH_1,8.45,10.19,2.39,,station_selected,9,9,19.01,,25.7,29.11,174851559#1,CS_3,40.98628,28.72249,2009.01,944.95,going_to_charge,80.0,7.48,71.14,2.86,224,40.981102,28.714778,1371.53,357.35,59.84
35.0,86.54,74.46,CS_2_CH_1,12.08,10.5,1.234,,station_selected,7,7,18.12,,28.23,29.99,-97226043#0,CS_2,40.982144,28.720675,1865.38,482.81,going_to_charge,80.0,7.58,78.95,1.33,175,40.9845,28.711677,1103.31,729.45,65.54
35.0,87.03,78.62,CS_3_CH_1,8.4,10.5,2.804,,station_selected,10,10,18.91,,25.98,29.99,174851559#1,CS_3,40.98628,28.72249,2009.01,944.95,going_to_charge,80.0,8.07,78.96,2.96,233,40.986168,28.709987,957.44,911.88,67.6
35.0,95.28,87.03,CS_3_CH_1,8.25,10.4,1.934,,station_selected,11,11,18.57,,26.95,29.71,174851559#1,CS_3,40.98628,28.72249,2009.01,944.95,going_to_charge,80.0,8.28,87.0,2.13,248,40.983424,28.719452,1759.71,622.91,76.61
,,,,,,,-97226043#0,arrived_at_station,,,,29.16,,,,CS_2,,,,,,,8.4,,,223,,,,,
,,,,,,,-97226043#0,arrived_at_station,,,,28.87,,,,CS_2,,,,,,,9.2,,,175,,,,,
35.0,98.71,86.54,CS_2_CH_1,12.17,10.1,0.725,,station_selected,8,8,18.26,,27.83,28.87,-97226043#0,CS_2,40.982144,28.720675,1865.38,482.81,going_to_charge,80.0,9.48,89.22,0.73,284,40.980295,28.715083,1399.02,268.25,76.32
,,,,,,,-97226043#0,arrived_at_station,,,,27.89,,,,CS_2,,,,,,,9.95,,,218,,,,,
,,,,,,,-97226043#0,arrived_at_station,,,,28.07,,,,CS_2,,,,,,,10.32,,,284,,,,,
35.0,99.61,75.8,CS_1_CH_1,23.82,10.5,0.722,,station_selected,4,4,17.86,,28.96,29.99,97388510#1,CS_1,40.984043,28.711271,1070.14,678.06,going_to_charge,80.0,10.82,88.8,0.85,312,40.980063,28.714804,1375.99,241.99,64.12
35.0,103.54,95.28,CS_3_CH_1,8.26,10.5,2.185,,station_selected,11,11,18.59,,26.87,30.0,174851559#1,CS_3,40.98628,28.72249,2009.01,944.95,going_to_charge,80.0,11.93,91.61,2.41,341,40.982572,28.713215,1236.88,518.0,80.94
35.0,110.81,98.71,CS_2_CH_1,12.1,10.46,1.223,,station_selected,8,8,18.15,,28.15,29.9,-97226043#0,CS_2,40.982144,28.720675,1865.38,482.81,going_to_charge,80.0,12.18,98.62,2.06,365,40.983538,28.709619,932.26,619.27,84.46
35.0,111.99,103.54,CS_3_CH_1,8.44,10.12,2.247,,station_selected,12,12,19.0,,25.71,28.92,174851559#1,CS_3,40.98628,28.72249,2009.01,944.95,going_to_charge,80.0,13.42,98.57,2.56,402,40.98014,28.715434,1428.84,251.67,87.57
35.0,120.49,111.99,CS_3_CH_1,8.51,10.11,2.497,,station_selected,13,13,19.14,,25.32,28.88,174851559#1,CS_3,40.98628,28.72249,2009.01,944.95,going_to_charge,80.0,13.58,106.91,2.88,407,40.987551,28.714826,1361.52,1073.36,95.52
35.0,123.0,110.81,CS_2_CH_1,12.19,10.21,0.993,,station_selected,9,9,18.29,,27.75,29.17,-97226043#0,CS_2,40.982144,28.720675,1865.38,482.81,going_to_charge,80.0,13.65,109.35,1.33,409,40.986164,28.716284,1487.19,921.82,95.83
35.0,123.74,99.61,CS_1_CH_1,24.12,10.5,1.18,,station_selected,5,5,18.09,,28.31,30.0,97388510#1,CS_1,40.984043,28.711271,1070.14,678.06,going_to_charge,80.0,14.63,109.1,1.21,427,40.980596,28.720706,1871.41,310.96,83.77
35.0,128.66,120.49,CS_3_CH_1,8.16,10.5,1.731,,station_selected,14,14,18.37,,27.52,29.99,174851559#1,CS_3,40.98628,28.72249,2009.01,944.95,going_to_charge,80.0,14.88,113.78,2.08,384,40.980196,28.720361,1843.25,266.06,103.54
35.0,135.0,123.0,CS_2_CH_1,12.0,10.5,0.997,,station_selected,10,10,18.0,,28.57,30.0,-97226043#0,CS_2,40.982144,28.720675,1865.38,482.81,going_to_charge,80.0,14.92,120.08,1.12,438,40.98273,28.711147,1062.52,532.05,106.96
,,,,,,,-97226043#0,arrived_at_station,,,,28.05,,,,CS_2,,,,,,,15.05,,,409,,,,,
,,,,,,,-97226043#0,arrived_at_station,,,,28.64,,,,CS_2,,,,,,,15.25,,,365,,,,,
35.0,137.1,128.66,CS_3_CH_1,8.45,10.27,2.548,,station_selected,15,15,19.0,,25.71,29.35,174851559#1,CS_3,40.98628,28.72249,2009.01,944.95,going_to_charge,80.0,15.82,121.29,2.95,474,40.983509,28.709604,931.07,616.04,109.89
,,,,,,,-97226043#0,arrived_at_station,,,,29.09,,,,CS_2,,,,,,,16.27,,,438,,,,,
35.0,145.31,137.1,CS_3_CH_1,8.21,10.5,1.936,,station_selected,16,16,18.47,,27.23,29.99,174851559#1,CS_3,40.98628,28.72249,2009.01,944.95,going_to_charge,80.0,16.65,128.66,2.25,478,40.980475,28.718905,1720.13,294.57,118.2
35.0,147.0,135.0,CS_2_CH_1,12.0,10.25,0.496,,station_selected,11,11,18.0,,28.57,29.28,-97226043#0,CS_2,40.982144,28.720675,1865.38,482.81,going_to_charge,80.0,16.82,130.18,0.69,504,40.981446,28.723885,2136.96,410.67,117.49
35.0,147.33,123.74,CS_1_CH_1,23.6,10.5,0.392,,station_selected,6,6,17.7,,29.44,30.0,97388510#1,CS_1,40.984043,28.711271,1070.14,678.06,going_to_charge,80.0,17.03,130.3,0.49,465,40.98301,28.713266,1240.19,566.63,106.21
35.0,153.68,145.31,CS_3_CH_1,8.37,10.14,1.919,,station_selected,17,17,18.82,,26.22,28.96,174851559#1,CS_3,40.98628,28.72249,2009.01,944.95,going_to_charge,80.0,17.35,136.33,2.15,520,40.983542,28.716411,1503.64,630.91,125.81
35.0,158.81,147.0,CS_2_CH_1,11.81,10.5,0.443,,station_selected,12,12,17.72,,29.37,30.0,-97226043#0,CS_2,40.982144,28.720675,1865.38,482.81,going_to_charge,80.0,17.52,141.29,0.63,510,40.984939,28.721059,1891.58,793.7,128.85
,,,,,,,-97226043#0,arrived_at_station,,,,28.68,,,,CS_2,,,,,,,17.65,,,504,,,,,
,,,,,,,-97226043#0,arrived_at_station,,,,29.51,,,,CS_2,,,,,,,18.15,,,510,,,,,
35.0,162.09,153.68,CS_3_CH_1,8.41,10.4,2.628,,station_selected,17,17,18.92,,25.95,29.7,174851559#1,CS_3,40.98628,28.72249,2009.01,944.95,going_to_charge,80.0,18.52,143.57,2.9,555,40.984319,28.709659,933.94,706.09,132.26
35.0,170.37,162.09,CS_3_CH_1,8.28,10.49,2.24,,station_selected,18,18,18.63,,26.78,29.98,174851559#1,CS_3,40.98628,28.72249,2009.01,944.95,going_to_charge,80.0,18.65,151.72,2.44,542,40.98325,28.713062,1222.49,593.0,141.0
35.0,170.88,158.81,CS_2_CH_1,12.07,10.26,0.724,,station_selected,13,13,18.1,,28.27,29.31,-97226043#0,CS_2,40.982144,28.720675,1865.38,482.81,going_to_charge,80.0,18.78,152.1,0.87,563,40.982052,28.721392,1925.92,473.72,139.15
35.0,170.79,147.33,CS_1_CH_1,23.45,10.5,0.177,,station_selected,7,7,17.59,,29.74,29.99,97388510#1,CS_1,40.984043,28.711271,1070.14,678.06,going_to_charge,80.0,19.25,151.54,0.44,569,40.983978,28.709698,937.92,668.25,127.64
35.0,178.78,170.37,CS_3_CH_1,8.41,10.05,1.951,,station_selected,19,19,18.93,,25.93,28.71,174851559#1,CS_3,40.98628,28.72249,2009.01,944.95,going_to_charge,80.0,19.6,159.18,2.05,587,40.982821,28.71526,1408.35,548.99,148.72
35.0,183.2,170.88,CS_2_CH_1,12.32,10.04,1.033,,station_selected,14,14,18.48,,27.2,28.68,-97226043#0,CS_2,40.982144,28.720675,1865.38,482.81,going_to_charge,80.0,19.85,163.35,1.44,595,40.986423,28.71685,1534.25,951.53,149.59
,,,,,,,-97226043#0,arrived_at_station,,,,28.44,,,,CS_2,,,,,,,19.92,,,563,,,,,
35.0,187.24,178.78,CS_3_CH_1,8.47,10.09,2.284,,station_selected,20,20,19.05,,25.57,28.83,174851559#1,CS_3,40.98628,28.72249,2009.01,944.95,going_to_charge,80.0,19.93,167.31,2.65,597,40.9831,28.713143,1229.65,576.44,156.19
35.0,194.57,170.79,CS_1_CH_1,23.79,10.39,0.458,,station_selected,8,8,17.84,,29.03,29.68,97388510#1,CS_1,40.984043,28.711271,1070.14,678.06,going_to_charge,80.0,20.08,174.49,0.37,602,40.987185,28.71258,1173.37,1029.07,150.34
35.0,195.24,183.2,CS_2_CH_1,12.04,10.16,0.443,,station_selected,15,15,18.06,,28.4,29.04,-97226043#0,CS_2,40.982144,28.720675,1865.38,482.81,going_to_charge,80.0,20.55,174.69,0.62,616,40.98329,28.718121,1648.05,605.73,162.03
35.0,195.56,187.24,CS_3_CH_1,8.31,10.32,2.032,,station_selected,21,21,18.7,,26.57,29.48,174851559#1,CS_3,40.98628,28.72249,2009.01,944.95,going_to_charge,80.0,21.05,174.51,2.19,631,40.982564,28.714527,1347.23,519.24,164.01
,,,,,,,-97226043#0,arrived_at_station,,,,28.61,,,,CS_2,,,,,,,21.32,,,616,,,,,
,,,,,,,-97226043#0,arrived_at_station,,,,27.56,,,,CS_2,,,,,,,21.57,,,595,,,,,
,,,,,,,174851559#1,arrived_at_station,,,,26.73,,,,CS_3,,,,,,,22.35,,,555,,,,,
35.0,203.73,195.56,CS_3_CH_1,8.17,10.14,1.058,,station_selected,22,22,18.39,,27.46,28.97,174851559#1,CS_3,40.98628,28.72249,2009.01,944.95,going_to_charge,80.0,22.62,181.11,1.54,678,40.981726,28.723454,2100.08,440.95,171.4
35.0,207.28,195.24,CS_2_CH_1,12.04,10.34,0.812,,station_selected,16,16,18.07,,28.38,29.54,-97226043#0,CS_2,40.982144,28.720675,1865.38,482.81,going_to_charge,80.0,22.92,184.37,1.35,687,40.985884,28.717256,1569.62,892.36,170.97
,,,,,,,174851559#1,arrived_at_station,,,,26.21,,,,CS_3,,,,,,,22.95,,,597,,,,,
35.0,211.96,203.73,CS_3_CH_1,8.23,10.5,2.029,,station_selected,23,23,18.51,,27.1,30.0,174851559#1,CS_3,40.98628,28.72249,2009.01,944.95,going_to_charge,80.0,23.05,188.91,2.21,689,40.98392,28.715651,1438.86,671.66,178.47
35.0,218.04,194.57,CS_1_CH_1,23.47,10.5,0.204,,station_selected,9,9,17.6,,29.71,30.0,97388510#1,CS_1,40.984043,28.711271,1070.14,678.06,going_to_charge,80.0,23.13,194.91,0.27,647,40.983583,28.713004,1216.95,629.86,171.17
35.0,219.61,207.28,CS_2_CH_1,12.32,10.19,1.351,,station_selected,17,17,18.48,,27.19,29.12,-97226043#0,CS_2,40.982144,28.720675,1865.38,482.81,going_to_charge,80.0,23.28,196.32,1.38,697,40.984365,28.709693,936.65,711.24,182.62
35.0,220.36,211.96,CS_3_CH_1,8.41,10.3,2.435,,station_selected,24,24,18.91,,25.96,29.44,174851559#1,CS_3,40.98628,28.72249,2009.01,944.95,going_to_charge,80.0,23.32,197.05,2.67,699,40.980222,28.713794,1290.66,258.01,185.97
35.0,228.28,220.36,CS_3_CH_1,7.91,10.49,0.586,,station_selected,25,25,17.8,,29.14,29.98,174851559#1,CS_3,40.98628,28.72249,2009.01,944.95,going_to_charge,80.0,23.38,204.89,0.91,679,40.985743,28.722473,2008.79,885.33,196.07
35.0,231.44,219.61,CS_2_CH_1,11.83,10.5,0.49,,station_selected,18,18,17.75,,29.29,29.99,-97226043#0,CS_2,40.982144,28.720675,1865.38,482.81,going_to_charge,80.0,23.5,207.94,0.44,682,40.982875,28.715838,1456.84,555.89,195.66
35.0,236.66,228.28,CS_3_CH_1,8.39,10.46,2.662,,station_selected,26,26,18.88,,26.07,29.87,174851559#1,CS_3,40.98628,28.72249,2009.01,944.95,going_to_charge,80.0,23.92,212.75,2.86,717,40.986311,28.713628,1263.48,933.77,201.5
,,,,,,,-97226043#0,arrived_at_station,,,,29.52,,,,CS_2,,,,,,,24.05,,,682,,,,,
35.0,242.29,218.04,CS_1_CH_1,24.24,10.11,0.585,,station_selected,10,10,18.18,,28.05,28.89,97388510#1,CS_1,40.984043,28.711271,1070.14,678.06,going_to_charge,80.0,24.48,217.8,0.68,734,40.980765,28.710184,985.78,312.33,192.88
,,,,,,,-97226043#0,arrived_at_station,,,,28.64,,,,CS_2,,,,,,,24.53,,,687,,,,,
,,,,,,,-97226043#0,arrived_at_station,,,,27.79,,,,CS_2,,,,,,,25.0,,,697,,,,,
35.0,243.36,231.44,CS_2_CH_1,11.92,10.25,0.257,,station_selected,19,19,17.88,,28.93,29.29,-97226043#0,CS_2,40.982144,28.720675,1865.38,482.81,going_to_charge,80.0,25.65,217.71,0.41,769,40.980626,28.720159,1825.29,313.42,205.38
35.0,244.93,236.66,CS_3_CH_1,8.27,10.39,1.985,,station_selected,27,27,18.6,,26.84,29.68,174851559#1,CS_3,40.98628,28.72249,2009.01,944.95,going_to_charge,80.0,25.72,219.22,2.19,771,40.981828,28.716836,1543.12,441.36,208.76
35.0,253.23,244.93,CS_3_CH_1,8.3,10.43,2.208,,station_selected,28,28,18.68,,26.64,29.79,174851559#1,CS_3,40.98628,28.72249,2009.01,944.95,going_to_charge,80.0,25.85,227.38,2.43,775,40.981422,28.714017,1306.84,391.59,216.65
,,,,,,,-97226043#0,arrived_at_station,,,,29.03,,,,CS_2,,,,,,,26.08,,,769,,,,,
35.0,255.08,243.36,CS_2_CH_1,11.73,10.5,0.176,,station_selected,19,19,17.59,,29.75,30.0,-97226043#0,CS_2,40.982144,28.720675,1865.38,482.81,going_to_charge,80.0,26.18,228.9,0.39,782,40.981443,28.720412,1844.82,404.52,216.78
,,,,,,,-97226043#0,arrived_at_station,,,,29.89,,,,CS_2,,,,,,,26.4,,,782,,,,,
35.0,261.6,253.23,CS_3_CH_1,8.36,10.14,1.917,,station_selected,29,29,18.82,,26.24,28.98,174851559#1,CS_3,40.98628,28.72249,2009.01,944.95,going_to_charge,80.0,26.45,235.15,2.02,793,40.982859,28.71567,1442.8,553.89,224.76
35.0,266.01,242.29,CS_1_CH_1,23.73,10.49,0.562,,station_selected,11,11,17.79,,29.16,29.96,97388510#1,CS_1,40.984043,28.711271,1070.14,678.06,going_to_charge,80.0,26.68,239.33,0.75,800,40.986276,28.714877,1368.6,931.94,214.86
35.0,267.17,255.08,CS_2_CH_1,12.08,10.28,0.804,,station_selected,20,20,18.13,,28.21,29.36,-97226043#0,CS_2,40.982144,28.720675,1865.38,482.81,going_to_charge,80.0,26.82,240.35,0.86,804,40.982493,28.714857,1375.17,511.86,227.4
35.0,269.95,261.6,CS_3_CH_1,8.36,10.5,2.606,,station_selected,29,29,18.8,,26.27,30.0,174851559#1,CS_3,40.98628,28.72249,2009.01,944.95,going_to_charge,80.0,27.48,242.47,3.55,765,40.981964,28.708717,859.81,443.03,230.57
35.0,278.37,269.95,CS_3_CH_1,8.42,10.07,2.013,,station_selected,30,30,18.94,,25.9,28.77,174851559#1,CS_3,40.98628,28.72249,2009.01,944.95,going_to_charge,80.0,27.52,250.85,2.21,823,40.984035,28.716392,1500.98,685.59,240.23
,,,,,,,-97226043#0,arrived_at_station,,,,28.52,,,,CS_2,,,,,,,27.77,,,804,,,,,
35.0,279.23,267.17,CS_2_CH_1,12.07,10.13,0.46,,station_selected,21,21,18.1,,28.29,28.94,-97226043#0,CS_2,40.982144,28.720675,1865.38,482.81,going_to_charge,80.0,28.02,251.22,0.58,840,40.982861,28.722599,2025.66,565.56,238.57
35.0,286.54,278.37,CS_3_CH_1,8.17,10.49,1.763,,station_selected,31,31,18.39,,27.46,29.98,174851559#1,CS_3,40.98628,28.72249,2009.01,944.95,going_to_charge,80.0,28.08,258.46,1.98,833,40.982605,28.71789,1630.13,529.38,248.31
35.0,289.61,266.01,CS_1_CH_1,23.59,10.5,0.392,,station_selected,11,11,17.7,,29.44,30.0,97388510#1,CS_1,40.984043,28.711271,1070.14,678.06,going_to_charge,80.0,28.52,261.09,0.49,822,40.98304,28.713678,1274.81,570.72,237.0
,,,,,,,-97226043#0,arrived_at_station,,,,28.47,,,,CS_2,,,,,,,28.72,,,840,,,,,
35.0,291.6,279.23,CS_2_CH_1,12.37,10.03,1.171,,station_selected,22,22,18.56,,26.98,28.66,-97226043#0,CS_2,40.982144,28.720675,1865.38,482.81,going_to_charge,80.0,28.92,262.69,1.13,867,40.986275,28.712161,1140.17,927.27,249.18
35.0,294.77,286.54,CS_3_CH_1,8.23,10.5,2.037,,station_selected,32,32,18.52,,27.08,29.99,174851559#1,CS_3,40.98628,28.72249,2009.01,944.95,going_to_charge,80.0,29.1,265.67,2.4,857,40.981578,28.717537,1602.63,414.77,255.04
,,,,,,,-97226043#0,arrived_at_station,,,,27.58,,,,CS_2,,,,,,,30.4,,,867,,,,,
35.0,303.15,294.77,CS_3_CH_1,8.37,10.5,2.672,,station_selected,33,33,18.84,,26.17,29.99,174851559#1,CS_3,40.98628,28.72249,2009.01,944.95,going_to_charge,80.0,31.05,272.1,2.92,908,40.981271,28.709723,945.89,367.75,260.8
35.0,303.68,291.6,CS_2_CH_1,12.07,10.37,0.963,,station_selected,23,23,18.11,,28.25,29.63,-97226043#0,CS_2,40.982144,28.720675,1865.38,482.81,going_to_charge,80.0,31.45,272.23,1.12,943,40.983656,28.711339,1076.72,635.17,259.03
35.0,311.38,303.15,CS_3_CH_1,8.23,10.5,2.038,,station_selected,34,34,18.52,,27.08,29.99,174851559#1,CS_3,40.98628,28.72249,2009.01,944.95,going_to_charge,80.0,32.1,279.28,2.26,914,40.982899,28.714813,1370.61,556.89,268.78
35.0,314.05,289.61,CS_1_CH_1,24.45,10.5,1.667,,station_selected,12,12,18.34,,27.61,29.99,97388510#1,CS_1,40.984043,28.711271,1070.14,678.06,going_to_charge,80.0,32.55,281.5,1.82,928,40.981687,28.723144,2074.08,436.16,255.23
35.0,315.7,303.68,CS_2_CH_1,12.03,10.5,1.078,,station_selected,24,24,18.04,,28.45,29.99,-97226043#0,CS_2,40.982144,28.720675,1865.38,482.81,going_to_charge,80.0,32.82,282.89,1.29,974,40.985928,28.714429,1331.72,892.54,269.57
,,,,,,,-97226043#0,arrived_at_station,,,,28.63,,,,CS_2,,,,,,,32.87,,,943,,,,,
35.0,319.59,311.38,CS_3_CH_1,8.21,10.5,1.937,,station_selected,35,35,18.47,,27.23,29.99,174851559#1,CS_3,40.98628,28.72249,2009.01,944.95,going_to_charge,80.0,32.9,286.69,2.14,953,40.982648,28.717251,1576.23,533.09,276.34
35.0,328.0,315.7,CS_2_CH_1,12.3,10.12,1.125,,station_selected,25,25,18.45,,27.3,28.9,-97226043#0,CS_2,40.982144,28.720675,1865.38,482.81,going_to_charge,80.0,32.98,295.02,1.42,989,40.986366,28.716659,1518.36,944.86,281.3
35.0,327.98,319.59,CS_3_CH_1,8.39,10.23,2.211,,station_selected,36,36,18.88,,26.07,29.23,174851559#1,CS_3,40.98628,28.72249,2009.01,944.95,going_to_charge,80.0,33.05,294.93,2.54,991,40.98004,28.716054,1481.26,241.51,284.0
35.0,336.27,327.98,CS_3_CH_1,8.29,10.43,2.176,,station_selected,37,37,18.66,,26.69,29.8,174851559#1,CS_3,40.98628,28.72249,2009.01,944.95,going_to_charge,80.0,34.28,301.99,2.42,1028,40.981347,28.714578,1354.19,384.17,291.27
,,,,,,,-97226043#0,arrived_at_station,,,,28.9,,,,CS_2,,,,,,,34.37,,,974,,,,,
35.0,337.93,314.05,CS_1_CH_1,23.88,10.5,0.813,,station_selected,13,13,17.91,,28.83,29.99,97388510#1,CS_1,40.984043,28.711271,1070.14,678.06,going_to_charge,80.0,34.55,303.38,1.05,1016,40.982826,28.715312,1412.77,549.62,278.45
,,,,,,,-97226043#0,arrived_at_station,,,,27.66,,,,CS_2,,,,,,,34.78,,,989,,,,,
35.0,340.0,328.0,CS_2_CH_1,11.99,10.5,0.976,,station_selected,26,26,17.99,,28.6,29.99,-97226043#0,CS_2,40.982144,28.720675,1865.38,482.81,going_to_charge,80.0,34.88,305.11,0.9,1042,40.987046,28.722587,2015.52,1030.15,292.22
35.0,344.46,336.27,CS_3_CH_1,8.19,10.3,1.454,,station_selected,37,37,18.43,,27.35,29.43,174851559#1,CS_3,40.98628,28.72249,2009.01,944.95,going_to_charge,80.0,35.02,309.44,2.2,1050,40.979771,28.722832,2052.1,222.97,299.06
,,,,,,,-97226043#0,arrived_at_station,,,,28.9,,,,CS_2,,,,,,,35.93,,,1042,,,,,
35.0,352.13,340.0,CS_2_CH_1,12.13,10.49,1.392,,station_selected,27,27,18.2,,28.0,29.98,-97226043#0,CS_2,40.982144,28.720675,1865.38,482.81,going_to_charge,80.0,36.17,315.96,1.69,1076,40.985604,28.722409,2003.71,869.81,302.14
35.0,352.7,344.46,CS_3_CH_1,8.24,10.46,2.009,,station_selected,38,38,18.54,,27.02,29.89,174851559#1,CS_3,40.98628,28.72249,2009.01,944.95,going_to_charge,80.0,37.12,315.58,2.18,1113,40.98325,28.720324,1833.46,605.04,305.17
35.0,360.91,352.7,CS_3_CH_1,8.2,10.3,1.527,,station_selected,39,39,18.46,,27.26,29.44,174851559#1,CS_3,40.98628,28.72249,2009.01,944.95,going_to_charge,80.0,37.45,323.46,1.76,1123,40.982929,28.721531,1935.68,571.39,313.49
35.0,361.92,337.93,CS_1_CH_1,23.99,10.5,0.98,,station_selected,14,14,17.99,,28.6,30.0,97388510#1,CS_1,40.984043,28.711271,1070.14,678.06,going_to_charge,80.0,37.78,324.14,1.07,1105,40.980449,28.719042,1731.69,291.91,299.08
35.0,364.02,352.13,CS_2_CH_1,11.89,10.5,0.68,,station_selected,27,27,17.84,,29.03,30.0,-97226043#0,CS_2,40.982144,28.720675,1865.38,482.81,going_to_charge,80.0,38.13,325.89,0.96,1141,40.985625,28.719289,1741.23,866.89,313.04
,,,,,,,-97226043#0,arrived_at_station,,,,28.32,,,,CS_2,,,,,,,38.17,,,1076,,,,,
35.0,369.37,360.91,CS_3_CH_1,8.47,10.28,2.652,,station_selected,40,40,19.05,,25.57,29.36,174851559#1,CS_3,40.98628,28.72249,2009.01,944.95,going_to_charge,80.0,38.55,330.82,2.94,1156,40.985874,28.711114,1052.94,881.08,319.41
35.0,376.42,364.02,CS_2_CH_1,12.4,10.5,2.185,,station_selected,28,28,18.6,,26.87,29.99,-97226043#0,CS_2,40.982144,28.720675,1865.38,482.81,going_to_charge,80.0,38.67,337.75,2.4,1135,40.979927,28.711363,1086.79,221.24,322.96
35.0,377.83,369.37,CS_3_CH_1,8.46,10.36,2.767,,station_selected,41,41,19.02,,25.64,29.6,174851559#1,CS_3,40.98628,28.72249,2009.01,944.95,going_to_charge,80.0,38.85,338.98,2.94,1165,40.985686,28.709712,935.43,857.88,327.58
,,,,,,,-97226043#0,arrived_at_station,,,,29.28,,,,CS_2,,,,,,,39.12,,,1141,,,,,
35.0,385.43,361.92,CS_1_CH_1,23.5,10.5,0.246,,station_selected,15,15,17.63,,29.64,29.99,97388510#1,CS_1,40.984043,28.711271,1070.14,678.06,going_to_charge,80.0,39.42,346.01,0.44,1177,40.985127,28.710838,1031.36,797.65,322.06
35.0,386.34,377.83,CS_3_CH_1,8.52,10.01,2.348,,station_selected,42,42,19.16,,25.26,28.61,174851559#1,CS_3,40.98628,28.72249,2009.01,944.95,going_to_charge,80.0,39.62,346.73,2.74,1188,40.986301,28.714401,1328.52,933.91,335.47
35.0,388.27,376.42,CS_2_CH_1,11.85,10.37,0.286,,station_selected,29,29,17.77,,29.21,29.62,-97226043#0,CS_2,40.982144,28.720675,1865.38,482.81,going_to_charge,80.0,40.15,348.12,0.3,1204,40.982727,28.718056,1643.81,543.19,335.97
,,,,,,,-97226043#0,arrived_at_station,,,,29.34,,,,CS_2,,,,,,,40.62,,,1204,,,,,
35.0,394.87,386.34,CS_3_CH_1,8.53,10.32,3.023,,station_selected,43,43,19.19,,25.18,29.5,174851559#1,CS_3,40.98628,28.72249,2009.01,944.95,going_to_charge,80.0,40.62,354.25,3.53,1218,40.980747,28.709233,905.84,308.79,342.19
35.0,400.59,388.27,CS_2_CH_1,12.32,10.05,1.05,,station_selected,30,30,18.48,,27.2,28.7,-97226043#0,CS_2,40.982144,28.720675,1865.38,482.81,going_to_charge,80.0,41.32,359.27,1.17,1239,40.982203,28.709917,960.19,471.61,345.78
,,,,,,,-97226043#0,arrived_at_station,,,,27.43,,,,CS_2,,,,,,,41.4,,,1135,,,,,
35.0,403.1,394.87,CS_3_CH_1,8.23,10.49,2.032,,station_selected,44,44,18.52,,27.07,29.98,174851559#1,CS_3,40.98628,28.72249,2009.01,944.95,going_to_charge,80.0,42.13,360.97,2.26,1230,40.980865,28.716912,1551.65,334.52,350.48
35.0,409.18,385.43,CS_1_CH_1,23.76,10.37,0.369,,station_selected,16,16,17.82,,29.09,29.62,97388510#1,CS_1,40.984043,28.711271,1070.14,678.06,going_to_charge,80.0,42.68,366.5,0.62,1280,40.985182,28.709611,927.99,801.73,342.12
,,,,,,,-97226043#0,arrived_at_station,,,,27.52,,,,CS_2,,,,,,,42.7,,,1239,,,,,
35.0,411.32,403.1,CS_3_CH_1,8.22,10.5,1.977,,station_selected,44,44,18.49,,27.16,29.99,174851559#1,CS_3,40.98628,28.72249,2009.01,944.95,going_to_charge,80.0,43.3,368.02,2.07,1297,40.982793,28.71496,1383.16,545.41,357.74
35.0,412.38,400.59,CS_2_CH_1,11.79,10.5,0.361,,station_selected,31,31,17.68,,29.48,29.99,-97226043#0,CS_2,40.982144,28.720675,1865.38,482.81,going_to_charge,80.0,44.2,368.18,0.5,1317,40.981478,28.718654,1696.86,405.54,355.89
35.0,419.7,411.32,CS_3_CH_1,8.37,10.36,2.396,,station_selected,45,45,18.84,,26.17,29.59,174851559#1,CS_3,40.98628,28.72249,2009.01,944.95,going_to_charge,80.0,44.22,375.48,2.76,1326,40.986214,28.716774,1528.36,928.2,364.35
35.0,424.25,412.38,CS_2_CH_1,11.87,10.36,0.337,,station_selected,32,32,17.8,,29.13,29.61,-97226043#0,CS_2,40.982144,28.720675,1865.38,482.81,going_to_charge,80.0,44.78,379.46,0.4,1343,40.982378,28.717825,1625.16,504.01,367.2
,,,,,,,-97226043#0,arrived_at_station,,,,29.63,,,,CS_2,,,,,,,44.82,,,1317,,,,,
,,,,,,,-97226043#0,arrived_at_station,,,,29.26,,,,CS_2,,,,,,,45.32,,,1343,,,,,
35.0,428.14,419.7,CS_3_CH_1,8.44,10.42,2.821,,station_selected,46,46,18.99,,25.75,29.78,174851559#1,CS_3,40.98628,28.72249,2009.01,944.95,going_to_charge,80.0,46.15,381.99,3.01,1384,40.986053,28.709541,920.25,898.35,370.53
35.0,433.23,409.18,CS_1_CH_1,24.05,10.49,1.058,,station_selected,17,17,18.04,,28.47,29.98,97388510#1,CS_1,40.984043,28.711271,1070.14,678.06,going_to_charge,80.0,46.43,386.8,1.3,1357,40.982837,28.717522,1598.61,554.47,361.45
35.0,436.15,424.25,CS_2_CH_1,11.9,10.5,0.712,,station_selected,33,33,17.86,,28.98,30.0,-97226043#0,CS_2,40.982144,28.720675,1865.38,482.81,going_to_charge,80.0,46.43,389.72,0.77,1359,40.982113,28.714489,1345.02,469.11,377.04
35.0,436.38,428.14,CS_3_CH_1,8.24,10.5,2.077,,station_selected,47,47,18.54,,27.03,30.0,174851559#1,CS_3,40.98628,28.72249,2009.01,944.95,going_to_charge,80.0,47.13,389.24,2.24,1391,40.982519,28.713979,1301.29,513.39,378.76
,,,,,,,-97226043#0,arrived_at_station,,,,29.4,,,,CS_2,,,,,,,47.42,,,1359,,,,,
35.0,444.79,436.38,CS_3_CH_1,8.41,10.5,2.844,,station_selected,48,48,18.93,,25.93,29.99,174851559#1,CS_3,40.98628,28.72249,2009.01,944.95,going_to_charge,80.0,48.23,396.55,3.01,1439,40.986707,28.71006,962.47,971.79,385.13
35.0,448.12,436.15,CS_2_CH_1,11.96,10.45,0.791,,station_selected,34,34,17.95,,28.72,29.85,-97226043#0,CS_2,40.982144,28.720675,1865.38,482.81,going_to_charge,80.0,48.58,399.53,1.06,1457,40.981512,28.724073,2152.67,418.27,386.51
35.0,453.31,444.79,CS_3_CH_1,8.52,10.43,3.209,,station_selected,49,49,19.18,,25.21,29.79,174851559#1,CS_3,40.98628,28.72249,2009.01,944.95,going_to_charge,80.0,48.85,404.46,3.44,1465,40.988628,28.707061,706.01,1180.13,392.5
35.0,457.69,433.23,CS_1_CH_1,24.46,10.5,1.679,,station_selected,18,18,18.34,,27.59,29.99,97388510#1,CS_1,40.984043,28.711271,1070.14,678.06,going_to_charge,80.0,49.18,408.51,1.83,1381,40.982606,28.723877,2133.79,539.44,382.22
,,,,,,,-97226043#0,arrived_at_station,,,,28.99,,,,CS_2,,,,,,,49.98,,,1457,,,,,
35.0,460.37,448.12,CS_2_CH_1,12.26,10.39,1.547,,station_selected,34,34,18.39,,27.47,29.68,-97226043#0,CS_2,40.982144,28.720675,1865.38,482.81,going_to_charge,80.0,51.02,409.36,1.81,1530,40.98072,28.708653,857.07,304.85,395.29
35.0,461.5,453.31,CS_3_CH_1,8.19,10.49,1.844,,station_selected,49,49,18.43,,27.34,29.98,174851559#1,CS_3,40.98628,28.72249,2009.01,944.95,going_to_charge,80.0,51.55,409.95,1.97,1514,40.982927,28.716576,1518.87,562.96,399.79
35.0,469.77,461.5,CS_3_CH_1,8.27,10.5,2.195,,station_selected,50,50,18.6,,26.85,29.99,174851559#1,CS_3,40.98628,28.72249,2009.01,944.95,going_to_charge,80.0,51.77,418.0,2.39,1544,40.9826,28.713248,1239.61,521.17,407.34
35.0,472.53,460.37,CS_2_CH_1,12.16,10.5,1.472,,station_selected,35,35,18.24,,27.89,30.0,-97226043#0,CS_2,40.982144,28.720675,1865.38,482.81,going_to_charge,80.0,51.98,420.55,1.59,1487,40.985722,28.709777,940.79,862.04,406.8
35.0,478.01,469.77,CS_3_CH_1,8.24,10.5,2.054,,station_selected,51,51,18.53,,27.05,29.99,174851559#1,CS_3,40.98628,28.72249,2009.01,944.95,going_to_charge,80.0,52.02,425.99,2.28,1538,40.982274,28.717126,1566.58,491.31,415.47
,,,,,,,-97226043#0,arrived_at_station,,,,27.98,,,,CS_2,,,,,,,53.25,,,1530,,,,,
35.0,482.05,457.69,CS_1_CH_1,24.36,10.2,0.928,,station_selected,18,18,18.27,,27.8,29.13,97388510#1,CS_1,40.984043,28.711271,1070.14,678.06,going_to_charge,80.0,53.55,428.5,1.18,1606,40.982931,28.71685,1541.91,563.84,402.96
,,,,,,,-97226043#0,arrived_at_station,,,,28.62,,,,CS_2,,,,,,,53.83,,,1487,,,,,
35.0,484.54,472.53,CS_2_CH_1,12.0,10.5,1.006,,station_selected,36,36,18.0,,28.56,30.0,-97226043#0,CS_2,40.982144,28.720675,1865.38,482.81,going_to_charge,80.0,54.47,430.07,1.18,1549,40.986775,28.722307,1992.61,999.63,416.88
35.0,486.51,478.01,CS_3_CH_1,8.5,10.19,2.658,,station_selected,52,52,19.14,,25.33,29.12,174851559#1,CS_3,40.98628,28.72249,2009.01,944.95,going_to_charge,80.0,54.98,431.53,3.01,1649,40.980771,28.710228,989.49,313.15,420.01
35.0,494.96,486.51,CS_3_CH_1,8.45,10.04,2.093,,station_selected,53,53,19.0,,25.7,28.69,174851559#1,CS_3,40.98628,28.72249,2009.01,944.95,going_to_charge,80.0,55.08,439.87,2.29,1652,40.981061,28.716452,1512.51,355.52,429.14
35.0,496.77,484.54,CS_2_CH_1,12.24,10.19,1.105,,station_selected,37,37,18.36,,27.55,29.12,-97226043#0,CS_2,40.982144,28.720675,1865.38,482.81,going_to_charge,80.0,55.58,441.19,1.34,1667,40.982935,28.709083,888.45,551.47,427.61
,,,,,,,-97226043#0,arrived_at_station,,,,28.99,,,,CS_2,,,,,,,55.7,,,1549,,,,,
35.0,503.28,494.96,CS_3_CH_1,8.32,10.5,2.451,,station_selected,54,54,18.73,,26.49,29.99,174851559#1,CS_3,40.98628,28.72249,2009.01,944.95,going_to_charge,80.0,56.0,447.28,2.56,1657,40.985219,28.7126,1179.36,810.82,436.39
35.0,505.93,482.05,CS_1_CH_1,23.88,10.49,0.813,,station_selected,19,19,17.91,,28.82,29.98,97388510#1,CS_1,40.984043,28.711271,1070.14,678.06,going_to_charge,80.0,56.02,449.91,1.05,1646,40.982833,28.715389,1419.19,550.53,424.98
35.0,508.91,496.77,CS_2_CH_1,12.13,10.5,1.394,,station_selected,38,38,18.2,,28.01,30.0,-97226043#0,CS_2,40.982144,28.720675,1865.38,482.81,going_to_charge,80.0,56.02,452.89,1.43,1676,40.986034,28.709541,920.29,896.26,439.33
35.0,511.59,503.28,CS_3_CH_1,8.31,10.39,2.161,,station_selected,55,55,18.69,,26.6,29.68,174851559#1,CS_3,40.98628,28.72249,2009.01,944.95,going_to_charge,80.0,57.12,454.47,2.6,1713,40.98501,28.716474,1505.71,794.02,443.56
35.0,519.88,511.59,CS_3_CH_1,8.29,10.36,2.038,,station_selected,56,56,18.66,,26.68,29.59,174851559#1,CS_3,40.98628,28.72249,2009.01,944.95,going_to_charge,80.0,57.18,462.7,2.26,1715,40.982877,28.714817,1370.96,554.48,452.14
35.0,520.81,508.91,CS_2_CH_1,11.9,10.5,0.702,,station_selected,39,39,17.85,,28.99,29.99,-97226043#0,CS_2,40.982144,28.720675,1865.38,482.81,going_to_charge,80.0,57.3,463.51,0.73,1702,40.981456,28.715718,1449.91,398.16,450.88
35.0,527.97,519.88,CS_3_CH_1,8.09,10.38,1.153,,station_selected,57,57,18.2,,28.0,29.65,174851559#1,CS_3,40.98628,28.72249,2009.01,944.95,going_to_charge,80.0,57.65,470.32,1.39,1729,40.982124,28.725959,2309.97,489.38,460.84
,,,,,,,-97226043#0,arrived_at_station,,,,27.86,,,,CS_2,,,,,,,58.0,,,1667,,,,,
,,,,,,,-97226043#0,arrived_at_station,,,,28.58,,,,CS_2,,,,,,,58.13,,,1676,,,,,
35.0,530.26,505.93,CS_1_CH_1,24.33,10.5,1.499,,station_selected,20,20,18.25,,27.86,30.0,97388510#1,CS_1,40.984043,28.711271,1070.14,678.06,going_to_charge,80.0,58.25,472.01,1.56,1745,40.982858,28.722611,2026.74,565.3,446.12
,,,,,,,-97226043#0,arrived_at_station,,,,29.27,,,,CS_2,,,,,,,58.37,,,1702,,,,,
35.0,532.92,520.81,CS_2_CH_1,12.11,10.5,1.336,,station_selected,40,40,18.17,,28.09,30.0,-97226043#0,CS_2,40.982144,28.720675,1865.38,482.81,going_to_charge,80.0,59.12,473.81,1.4,1770,40.985314,28.709563,923.69,816.38,460.3
35.0,536.54,527.97,CS_3_CH_1,8.57,10.07,2.713,,station_selected,57,57,19.29,,24.9,28.77,174851559#1,CS_3,40.98628,28.72249,2009.01,944.95,going_to_charge,80.0,59.15,477.39,2.93,1774,40.984939,28.709634,930.44,774.85,465.89
35.0,545.13,536.54,CS_3_CH_1,8.59,10.0,2.649,,station_selected,58,58,19.32,,24.79,28.57,174851559#1,CS_3,40.98628,28.72249,2009.01,944.95,going_to_charge,80.0,59.55,485.58,2.91,1786,40.980814,28.710279,993.71,318.0,474.08
35.0,545.28,532.92,CS_2_CH_1,12.35,10.5,2.06,,station_selected,40,40,18.53,,27.06,30.0,-97226043#0,CS_2,40.982144,28.720675,1865.38,482.81,going_to_charge,80.0,60.5,484.78,2.31,1785,40.979946,28.711662,1111.92,223.83,470.11
,,,,,,,-97226043#0,arrived_at_station,,,,28.59,,,,CS_2,,,,,,,61.33,,,1770,,,,,
,,,,,,,-97226043#0,arrived_at_station,,,,27.53,,,,CS_2,,,,,,,62.97,,,1785,,,,,
